address,ranking
0x312d09d1160316a0946503391b3d1bcbc583181b,1
0x629a673a8242c2ac4b7b8c5d8735fbeac21a6205,2
0x85f740958906b317de6ed79663012859067e745b,3
0x77a679db25d504d83d59b32467545c5a3783c88b,4
0x57f1887a8bf19b14fc0df6fd9b2acc9af147ea85,5
0xc36442b4a4522e871399cd717abdd847ab11fe88,6
0x3b3bc9b1dd9f3c8716fff083947b8769e2ff9781,7
0xf07468ead8cf26c752c676e43c814fee9c8cf402,8
0xf78296dfcf01a2612c2c847f68ad925801eeed80,9
0x3b3ee1931dc30c1957379fac9aba94d1c48a5405,10
0x819b71fbb346a8fad8f782f3e4b3db1d551b8e6f,11
0x4581649af66bccaee81eebae3ddc0511fe4c5312,12
0xba30e5f9bb24caa003e9f2f0497ad287fdf95623,13
0x0b0f6bc78ea9fb88dd58fdfe4c03f0c78721f649,14
0x06012c8cf97bead5deae237070f9587f8e7a266d,15
0xa7d8d9ef8d8ce8992df33d8b8cf4aebabd5bd270,16
0xd1e5b0ff1287aa9f9a268759062e4ab08b9dacbe,17
0xbc4ca0eda7647a8ab7c2061c2e118a18a936f13d,18
0x60f80121c31a0d46b5279700f9df786054aa5ee5,19
0x56c707414bc4c9d3fd71a19d3c266295cf7f7312,20
0x0120b3add758e0b7f667eae25fc14c3326d44d12,21
0xf1b33ac32dbc6617f7267a349be6ebb004feccff,22
0xdf74156420bd57ab387b195ed81eca36f9fabaca,23
0x0e3a2a1f2146d86a604adc220b4967a898d7fe07,24
0xb932a70a57673d89f4acffbe830e8ed7f75fb9e0,25
0x2af75676692817d85121353f0d6e8e9ae6ad5576,26
0xa05563ccef87ff9ca1e770270d9f1a26916d9c48,27
0x3f0785095a660fee131eebcd5aa243e529c21786,28
0xbea8123277142de42571f1fac045225a1d347977,29
0x31faf43bb1d8deb911dc82d96ac06e0c255088b8,30
0x54e0395cfb4f39bef66dbcd5bd93cca4e9273d56,31
0x8b4616926705fb61e9c4eeac07cd946a5d4b0760,32
0xdbd4264248e2f814838702e0cb3015ac3a7157a1,33
0x828e2cb8d03b52d408895e0844a6268c4c7ef3ad,34
0x059edd72cd353df5106d2b9cc5ab83a52287ac3a,35
0x1eb4c9921c143e9926a2e592b828005a63529da5,36
0x85f0e02cb992aa1f9f47112f815f519ef1a59e2d,37
0xf2febe0fc74ebea939240851686d5b5455d200ab,38
0x7c40c393dc0f283f318791d746d894ddd3693572,39
0x4530ed5907ceb4e14b0550a28e7d300cc773b92e,40
0x0322b8fcc82f28ab412a24e0fea6cc0ac80b6c0f,41
0xa3aee8bce55beea1951ef834b99f3ac60d1abeeb,42
0x50f5474724e0ee42d9a4e711ccfb275809fd6d4a,43
0xec9c519d49856fd2f8133a0741b4dbe002ce211b,44
0x5ab21ec0bfa0b29545230395e3adaca7d552c948,45
0x32a984f84e056b6e553cd0c3729fddd2d897769c,46
0xd227df494367a8b769b4bf2bbebd0388a8758741,47
0xc2c747e0f7004f9e8817db2ca4997657a7746928,48
0xabefbc9fd2f806065b4f3c237d4b59d9a97bcac7,49
0xb7f7f6c52f2e2fdb1963eab30438024864c313f6,50
0x7bd29408f11d2bfc23c34f18275bbf23bb716bc7,51
0xc67b4203b42fa1bec5a80680ff86f8c23e2ee812,52
0xdd991ec0a7cd7c7334e3e4553aa5e4fb850168d9,53
0xbe4fb6376765d8ebc1c528dacf7b589ae4fbaa96,54
0xc3f733ca98e0dad0386979eb96fb1722a1a05e69,55
0x747b1606da0adf2a00c3fba0204b0ea6f2047244,56
0x57a204aa1042f6e66dd7730813f4024114d74f37,57
0xf779cae120093807985d5f2e7dbb21d69be6b963,58
0x0cb53474ac2939b5797aaf397474d44eba5872d9,59
0x4ad2d817b60db6ee79c1ae016429251a0d25423f,60
0x22c1f6050e56d2876009903609a2cc3fef83b415,61
0xf3e778f839934fc819cfa1040aabacecba01e049,62
0x2216d47494e516d8206b70fca8585820ed3c4946,63
0xb20217bf3d89667fa15907971866acd6ccd570c8,64
0xc1caf0c19a8ac28c41fe59ba6c754e4b9bd54de9,65
0xe1d05ad0de9690cb553bde0705bccd1ee983f924,66
0xfbeef911dc5821886e1dda71586d90ed28174b7d,67
0x22ca5e08a37979802e58c113e770f56ba352b1ed,68
0x47fc0d7148aba332c4267e2a508ac5eeb16c5a6d,69
0x8b2bb0773ffae3f5aed484a929ed81f728c908dd,70
0x6d4530149e5b4483d2f7e60449c02570531a0751,71
0x139b522955d54482e7662927653abb0bfb6f19ba,72
0xe3435edbf54b5126e817363900234adfee5b3cee,73
0x88341d1a8f672d2780c8dc725902aae72f143b0c,74
0xae3d8d68b4f6c3ee784b2b0669885a315ba77c08,75
0x72bb198baab62e1f1f6b60d2bb37c63a303a58ad,76
0x2a187453064356c898cae034eaed119e1663acb8,77
0x273f7f8e6489682df756151f5525576e322d51a3,78
0x6e6822693ad3c784755e4246fe7f93aee131d87b,79
0xc78337ccbb2d08492ec152e501491d3a76cd5172,80
0xbba78a67c1563bf944405c9db6ec91e3cca52988,81
0x0427743df720801825a5c82e0582b1e915e0f750,82
0xc0cf5b82ae2352303b2ea02c3be88e23f2594171,83
0x1db61fc42a843bad4d91a2d788789ea4055b8613,84
0xd9a3fca910f76c82be37c0e78dd2fc435ff2a77a,85
0x20c70bdfcc398c1f06ba81730c8b52ace3af7cc3,86
0x99b9791d1580bf504a1709d310923a46237c8f2c,87
0xb6dae651468e9593e4581705a09c10a76ac1e0c8,88
0x016cd7b70373a58a0e27051e089d7f02bfcd8127,89
0xedd190d250c752baf6c96d77e2a678b1b0c2b42e,90
0x8c5acf6dbd24c66e6fd44d4a4c3d7a2d955aaad2,91
0xf87e31492faf9a91b02ee0deaad50d51d56d5d4d,92
0xda98f59e1edecb2545d7b07b794e704ed6cf1f7a,93
0x0c9c2e9647f65118effb3d87c6d025d95845e930,94
0xeca47dae7262d46f9e0cae8c444c528bdf2b90d2,95
0x80b212e4402b54a12cbd2906a8646f48f21aef65,96
0x8d04a8c79ceb0889bdd12acdf3fa9d207ed3ff63,97
0x09faf3f119d6b162c9d6732b8aeeb08e52efbd26,98
0xa78c17921e7e060c246ac9575b01ff0fb29bceae,99
0x386ee3ec211659a01042c47eaa2cc5b91ca05fa4,100
0xf26a23019b4699068bb54457f32dafcf22a9d371,101
0xc6c11f32d3ccc3beaac68793bc3bfbe82838ca9f,102
0x6e0baaa0d1c11dc160143c0c7213df76acdf4e17,103
0xc6c1ba87b62a6ef1ac734da67a1ae061a3f6943c,104
0xa8ee490e4c4da48cc1653502c1a77479d4d818de,105
0x8c9b261faef3b3c2e64ab5e58e04615f8c788099,106
0x9c008a22d71b6182029b694b0311486e4c0e53db,107
0x3e43944d977dea22511da6d33c0cab666a604515,108
0xa7f87e8d193e29bf1ed050fdd511b79fe0264d8b,109
0x70a76282752b5d2f09f81fe86d49d80ed8b53dc7,110
0x8863fbcb4b86d0b4813ca52a30b3f5f6b81dacf7,111
0x7e789e2dd1340971de0a9bca35b14ac0939aa330,112
0x0e49144b8b8d228eb7d266f15b2e140fea72a54e,113
0x0dbfb7df967d270153f396b5722ef27c23c845ed,114
0x82262bfba3e25816b4c720f1070a71c7c16a8fc4,115
0x27b4bc90fbe56f02ef50f2e2f79d7813aa8941a7,116
0xa9fdb3f96fae7c12d70393659867c6115683ada0,117
0x959e104e1a4db6317fa58f8295f586e1a978c297,118
0xafba8c6b3875868a90e5055e791213258a9fe7a7,119
0xf9b3b38a458c2512b6680e1f3bc7a022e97d7dab,120
0xe71cd39b62667519f35274c393271daa5048b8ce,121
0xdc31e48b66a1364bfea922bfc2972ab5c286f9fe,122
0x4a3b36d8e108cf89e04f0379e00a9b5d6d168a22,123
0xbfcd68ded9d511a632d45333155350a1907d4977,124
0xae03233307865623aaef76da9ade669b86e6f20a,125
0xe7623b874531eb96e049f9d5a47ad14bd25ce28d,126
0x017bba5d5d32feb687fdafb9700418d55daad091,127
0x878532a8a2a7edc75b24ffe92aced2be97b296d4,128
0x375ea781c49eafedde07afe6196f885761f166ae,129
0xe15e9c0bf6b6b29d3b9e1c921ab2cb09c2194463,130
0x1d963688fe2209a98db35c67a041524822cf04ff,131
0x9619dabdc2eb3679943b51afbc134dec31b74fe8,132
0xfeb52cbf71b9adac957c6f948a6cf9980ac8c907,133
0x36f16a0d35b866cdd0f3c3fa39e2ba8f48b099d2,134
0xd26c04d04807802ac1fd6426d8350a52a742b191,135
0x31385d3520bced94f77aae104b406994d8f2168c,136
0xdc76a2de1861ea49e8b41a1de1e461085e8f369f,137
0xe97ddabfe81e3532ef6a0119463c9d12d41a962a,138
0xfd1539ee9ccad1ab5d9b4877097cfd8221815b47,139
0x0f864e29b01a72247b6795cc6054afeb53ef35ef,140
0xc92ca2b5b8a996ad2a6fdd97c6d7ed038e61c725,141
0x4995ff1c49baa6576029b7398479068ba664449c,142
0xa383d6bb58e0583bb6cee40f3c442e1b16e6958f,143
0xf17131a4c85e8a75ba52b3f91ce8c32f6f163924,144
0x4c290f486bae507719c562b6b524bdb71a2570c9,145
0x032dd2a3c6d234aa9620d65eb618fcdc72be3dbb,146
0x2fb5d7dda4f1f20f974a0fdd547c38674e8d940c,147
0x6e4c6d9b0930073e958abd2aba516b885260b8ff,148
0xafb23292909eab27e983bfaf566d19c1101293d3,149
0x63ac91d179afb27d0730e781a2461eb14aeee010,150
0x8193ec38eb7e7b1d0c61402e33187a7ddc632ae9,151
0x54e65f6cd1caa91ad74fb6395d644c7f7f5e1a34,152
0xe7562366aec16d3e351c410f83b04ecf904d49aa,153
0xe9509e17c40642f4c86fffd6cd44ba918c2e1d63,154
0xeed10864e9fd813d12a0f40eb5f73ff2d31b2abb,155
0xb6937eeeeecc8f2a9fac89dbddff00c98420c996,156
0x12f1f9d8049225a9f138cb95728a9cd85270127a,157
0xb38afce1d4d4ac5cff14b2f4db38173b034a4b33,158
0xab5698c396f00435af4c548a45d145e964d6cd9d,159
0x395e5461693e0bb5ec78302605030050f69e628d,160
0x5cc804aa964e02ebf4b444d22dcf7f10a8ddd506,161
0x6cc462bc49cecfe943bc4f477b23b92906e6074f,162
0x5d00d312e171be5342067c09bae883f9bcb2003b,163
0x068f74749c24a42058563035f8c786362fc96494,164
0x68ad300954e0750138cdc1da93aa40ddf217303c,165
0xc9eef4c46abcb11002c9bb8a47445c96cdbcaffb,166
0xd949a444f29ede73f517942eb4d8e3ccdab25d58,167
0xabf452edf3a1d98c7097be60bff643ae0b9d851c,168
0x3ae45395f0edc9e72c26c8dfaca1035dddda5464,169
0x3aff7b16489fcc59483de44e96bd9ec533915924,170
0x835f200a5358cb507b4a9c37f4c5b738039478c4,171
0x75a3752579dc2d63ca229eebbe3537fbabf85a12,172
0x3ead77c1b86072d700d54efd9727a34058002c8b,173
0xce193abd0efe33214bc2e1ce96984797fb701bfd,174
0xfa1448843a03f2fc9a8c7ce7c87b5a5dab3e000a,175
0x9201a886740d193e315f1f1b2b193321d6701d07,176
0xef79c8a1ecd0a442eafb6207023009cf6fd55d44,177
0x6fa769eed284a94a73c15299e1d3719b29ae2f52,178
0xdceaf1652a131f32a821468dc03a92df0edd86ea,179
0x32b7495895264ac9d0b12d32afd435453458b1c6,180
0xfe21b0a8df3308c61cb13df57ae5962c567a668a,181
0x8a939fd297fab7388d6e6c634eee3c863626be57,182
0xfee27fb71ae3feeef2c11f8e02037c42945e87c4,183
0x0c7d5d65024bf684bcd313e885a00b2057ba7918,184
0x75be27d5fcea1f6e63c6c4cdaa3912ae9b8f04e1,185
0xb5a19b9aa60e96b85f0786ac88871cda72cb94c5,186
0xbf53c33235cbfc22cef5a61a83484b86342679c5,187
0x2af6eb2bfda21572615708532602454e5413bda1,188
0xea3a986f7e1a0c0fdbd155e4b3d0092d61ce1364,189
0x73f6056ec5c6b131d94b59f8dada727af92b2c91,190
0x941ee2e831d278db802a541d3855a8de749ef635,191
0x42b4a7db1ed930198bc37971b33e86f19ce88600,192
0xafd0f7b4b7c3ab56708b9b7c7c5e9e3b584f7df1,193
0xdf5d68d54433661b1e5e90a547237ffb0adf6ec2,194
0xdb908f9718acd81a18ea978ead8b0c9477e23f24,195
0x4eca5ba039559b56935843cfa09e111f19ffd941,196
0x4745bd9334687e858a2c4c524744f163e0ccb9a7,197
0xe0e94d9c06af0667ec1f117686cb4a308ce9ff56,198
0xe6ddbea6749cc793ba12ac22bca03c3f1fcf3a80,199
0x67cbbb366a51fff9ad869d027e496ba49f5f6d55,200
0x85773c1d866c89ca0b7c700f27e95a028a46b9e3,201
0x5caebd3b32e210e85ce3e9d51638b9c445481567,202
0xa9706d29b3669f758735a8bd3d5e69af391dbc6e,203
0x33cbbe919087a9473a8302f6a34c617d33c515c3,204
0x2ceb85a2402c94305526ab108e7597a102d6c175,205
0x6b47e7066c7db71aa04a1d5872496fe05c4c331f,206
0xd35147be6401dcb20811f2104c33de8e97ed6818,207
0xe9be55ffedb6c2a2f3f8eac31c60d7f122f79958,208
0x4f41d10f7e67fd16bde916b4a6dc3dd101c57394,209
0xebaeb894205666314f06b8e5f61fc0ffe8039ce4,210
0x2aee2b87e49d8daee3ae029e0c22a374de125d45,211
0xd1a0e534091b02eaf52b3173a1108e2b8be5d7a9,212
0x641c2633ab55cc048d928cd736bdd3609deb287d,213
0x41e39c27e5a5406b2d0b5cc2097f43a120e5ccf3,214
0x9ee8aa0270d31f405686a123f7ebf8986d904bfc,215
0x5c1749bc5734b8f9ea7cda7e38b47432c6cffb66,216
0x11ab0243c57c6c1b39f2908aaebaed7ccf351491,217
0x90fa98d3dcd41ee53ed92168779646e3d0e96387,218
0x0734442e3e4fae3056bec60f50ae9c69a700cf45,219
0x79f75e9f93f89d33c20573dec03710c6d9ec538d,220
0x4ad4455ad5ef891695c221e8e683efa65fabede0,221
0x800372ac2b1dbaf54946f1804921632f5e5f4297,222
0x4ef001bdf967a34eb59a7b92e0a6171189d25edb,223
0x1b4bfe4ee9d5db1149c31390acbd1572823611cb,224
0xdb1cbd0b58fb4f7c9f6857025da29f42371fb659,225
0x46fb1b6509e730c7e9eca6f55ef54ad64ab3cccf,226
0xdc8993d1f08857aa2ae5cc87336fdf1799d365c0,227
0xaf2a721eb9d57e544d861cc933c6ae5a7e03437b,228
0x01a7abd1e371d7a43ebbc1f17cd2660f1d77287b,229
0x2a378c8d96e7d994fb9bec6adb7c6af2fe772c3b,230
0x8668d8812c4b12a68d4e0f1250d3ab3705acd8b8,231
0x1b8fbb35393bbbd82caeb0087fae30d887e4b880,232
0xc4749f416c7dc27e09f67ac02f23a90e0ba6ad21,233
0x082903f4e94c5e10a2b116a4284940a36afaed63,234
0xffc5043d9a00865d089d5eefa5b3d1625aec6763,235
0x1337def1e9c7645352d93baf0b789d04562b4185,236
0x14a4123da9ad21b2215dc0ab6984ec1e89842c6d,237
0x3725ca6034bcdbc3c9ada649d49df68527661175,238
0xc60b4ac998931ae20db26a096a719ef0a88aa73e,239
0x8830eba9a50a470cd0cf28aafd7255f37345909a,240
0x10b66bd1e3b5a936b7f8dbc5976004311037cdf0,241
0x417cf58dc18edd17025689d13af2b85f403e130c,242
0x2aea4add166ebf38b63d09a75de1a7b94aa24163,243
0x4fe99deb8f0be517c31faaad49b4b054ed28c267,244
0x1808cb10ad0dc7bb891efbad883da63ebf0e110c,245
0x0f0d82e6e797b386cae4543d1ffb28df4a2e8f96,246
0x1af518ab9c883125f0d34b4f929c6c3cf3c91a41,247
0xd92e44ac213b9ebda0178e1523cc0ce177b7fa96,248
0x34ed0aa248f60f54dd32fbc9883d6137a491f4f3,249
0xdd012153e008346591153fff28b0dd6724f0c256,250
0x57e9a39ae8ec404c08f88740a9e6e306f50c937f,251
0x1e1d4e6262787c8a8783a37fee698bd42aa42bec,252
0xd3551ab3018edb9e1c1111e966cceffdf625a730,253
0x7e4c1085d26ba03fddef919a10c331d0bb2f0859,254
0x9ab3ada106afdfae83f13428e40da70b3a22c50c,255
0x574317b5167521d2e3e34469a6993102fbbd92ed,256
0xed9d9c9dcc4584572fdc52a5b0f0a4e8f01300a7,257
0x617913dd43dbdf4236b85ec7bdf9adfd7e35b340,258
0x13f5c44f1d3a90ab2736fa170ae39d36726afe9c,259
0x4764bc088a27f490353e8cf1558ba02fdc418c65,260
0x4d695c615a7aacf2d7b9c481b66045bb2457dfde,261
0x9357a3b394798c1575218d18910e926b275ea07a,262
0x829143715e78681e38f26316d154608768f0366a,263
0x3488666d4707817dcef95108ad25b04c1b2afbfc,264
0xbc13cdbf9cc107a04be2070f068690b7e7412868,265
0x63984ef7a91ea69cdad6c7071890ee4d2fccab4b,266
0xdf58c36af16bc9cbc9c15b435abbbd4ea3931815,267
0xe069d23c03e2c690ae925acc5e542677be05b649,268
0xdcd051f2fd811c58d77295e0edb2bc36ae2bcb2a,269
0x7d312b8a7395ac6a4e14db56924651ce9a056e9e,270
0x39f61d322877c063d0f831f252b8b45ef54fd486,271
0x478059f577cb739f0af0f37a365dd069ba5bd8be,272
0xa8e7da773649f6c2f7673391378d11df215392f9,273
0xcd01e20d05c30004724c3b86f5ec0b0a88a5436d,274
0x837779ed98209c38b9bf77804a4f0105b9eb2e02,275
0x7896d1c0b0f3fa9e4e941242c84cace1e810cffb,276
0xa55651b16153b82c910dd1fba9f7c573e0ac2662,277
0xc1def47cf1e15ee8c2a92f4e0e968372880d18d1,278
0xe71b772c99f79b2cc9b5a0e204e88ba14fbb61c4,279
0x9a101a06b10009913199b33487fb84ad8684a068,280
0x69501ad818637ff86bba0c92add782f8bae57cb2,281
0xe63bdcbf0b337d7f4351994e3ccb4432017ac14c,282
0x8ae06a29a816580cbd069e460dd57c6c964bb3da,283
0x12345678910f9de260d08f4e179103ce14cfd8eb,284
0x392d756cc419dd9c6f6d1222d93810bafd5e77f7,285
0x9bd5ad493b8b81b568e26aa8d43ad2af073dc88b,286
0x12ead3396df7e868398fa27bc60f62ad3b5a184e,287
0xa5e5be69c923c701ae6ac8f1f5936af3ae610c68,288
0xe84737fa86b8790bee352ad3d86f8e37f536f458,289
0xe1ff05ca2aaa7c99a551ff951557014055c1002c,290
0x8671811f9df34fcf846fa0f45a5e743c97ca44b0,291
0xd4835ff99da97ea688ddaea7b9e2119df02ccbc1,292
0xd028c602a1c6ab192436718e316d2ed64b131ac8,293
0x4e8e31d6c6d55125e9139859aa2339f8633fba7a,294
0x905a9c144ae22bba46afb89b2f6a2cc3984d4073,295
0x211899f45856e22df75623a2c6abe7997802ebc3,296
0xf6443afda5f035db5cf7f53fb34bec5d917ed3a1,297
0x89ea5334335956c259f017139abcc9aa9f20c73e,298
0xa2d639e8742f6d850dadeefae2f20615398a6ffd,299
0x95fbe5ba8c9c6fcc87d7957ed1522bb3031f63d5,300
0x80f63e7b64f947c9d6f70d1d84f963752868c359,301
0x84d66a4fe8e7b164ccb2a97c4366a6c4603666bc,302
0xe0159460e7b3250e3c2016ce1adb71369ccf33c8,303
0x6b1a68af1cbeca7d4abf27f1c606459548ae239f,304
0x4f6b352cabb1bdec48fe9eb7d56eaa59e0f2b0d8,305
0x23c67bf183adc404ca07f79462d8e90a2975ad0a,306
0x07cdd617c53b07208b0371c93a02deb8d8d49c6e,307
0x46f9a4522666d2476a5f5cd51ea3e0b5800e7f98,308
0x6655928f8137b5044d48aa6d767028e69e81df59,309
0x020171085bcd43b6fd36ad8c95ad61848b1211a2,310
0x2d820afb710681580a55ca8077b57fba6dd9fd72,311
0x34047d5d7f4c906998e0d9def0d2dc3b523d8398,312
0xbcd4f1ecff4318e7a0c791c7728f3830db506c71,313
0xa82f3a61f002f83eba7d184c50bb2a8b359ca1ce,314
0x2d6e10561b320c4f31a903bf0fa92a1ed58637c0,315
0x3cd41ec039c1f2dd1f76144bb3722e7b503f50ab,316
0xbc17cd7f1a58bda5d6181618090813b3050416b5,317
0x43b84cfe95aac24c21d46b6a8272e95fcdc914c2,318
0x96f120ee8ca9f9d68028b4bd3ed749248d6e7627,319
0x0b1c6c75d511fae05e7dc696f4cf14129a9c43c9,320
0xe68e6e7e805b45fa8bbda2f514a3456b0aa8294a,321
0xc7ff4e7be463dece8c54c89d3eae3ebfa732e3f8,322
0x9abb7bddc43fa67c76a62d8c016513827f59be1b,323
0xec031b8abe78ecab0a6636b92af53d7013a97a37,324
0xc03844f07f86ad1d90a1c4a2a8204dcf00f3a991,325
0xc1b6bd8c90f8388fb261fa249ccf72188cf8f318,326
0xeff8450c6a69217bf98f95143a8c76166b25164d,327
0xe1ecb4e5130f493551c7d6df96ad19e5b431a0a9,328
0x97ca7fe0b0288f5eb85f386fed876618fb9b8ab8,329
0x7b00ae36c7485b678fe945c2dd9349eb5baf7b6b,330
0x5073c2155f0bd001589189e28bc660cdbf7bb9d0,331
0xc375f1056f30f26a6915f67f0a19b9476f8937dc,332
0x66779f4615f287b4db421b7910620e05daae79b9,333
0x1b0338f498963d90744ab59a916344a3af9f1fed,334
0x9e1f3e8db4d1119894624632499eaed1e56d2b1d,335
0xe4deeb64e8701116b1d2bdb82dad4c6de2a28845,336
0xc2d8db56c50f253d1279da6760345fe78f784ed9,337
0xf52fbd056ed1f1ab01d4296fce136d6c0a2bbfaf,338
0xc0b4777897a2a373da8cb1730135062e77b7baec,339
0x6d8cc2d52de2ac0b1c6d8bc964ba66c91bb756e1,340
0xa2d544196fdbc9da15a701c38bb60513c1802ef4,341
0x0574c34385b039c2bb8db898f61b7767024a9449,342
0x2edd5dca914637ad2842d38eca6a6350ef854cf9,343
0xb8cf58282f5b28960bfc82ea3d4191547953dbd3,344
0x948b3515d81034a3c16d5393c6c155946c93c103,345
0x3c654913902714c5cc13ffbae2169dfa1b65cdae,346
0x90709c29b779e5228e86ff04bb60a3643ea3e0e6,347
0xb169c9540cfd15592cd67dda05711c910c4f1dc4,348
0xd560e04ac70382e387be3208741465d4fd8f36b8,349
0x1d13888404efe5d6893cb31cfcfba80dfe142879,350
0x3ad503084f1bd8d15a7f5ebe7a038c064e1e3fa1,351
0x91a856ccbefc10df1e1aa2f361b4bdbabd069762,352
0x5fd335e64400eabecc9ebe80e3d2fcfb6c001adb,353
0x48b63941f12cb14a41afc062af8ecef84a58b940,354
0x78d551cd9e5ad303b6bb60df75e21ad22480de93,355
0x0d8c864da1985525e0af0acbeef6562881827bd5,356
0x77d200eca7fd0a3db27e96d7b24cf7613b0a2a12,357
0x45301a18cab92399cf67c5ffece51e5cbbafb1cc,358
0x913ae503153d9a335398d0785ba60a2d63ddb4e2,359
0x91c59c0d28eaab5daa7c78b428a1065f9d0fe9a0,360
0x4a1880e0916b84d65b04e06e795651368cd31ee4,361
0x2250d7c238392f4b575bb26c672afe45f0adcb75,362
0x1437bb41e7d0ce2832113bf12880797149aa685b,363
0xafae97dc068735bf4592d1b8a731080cc0015691,364
0xe99944fc9026e2c92e0dd4ddb455fc58c64e7ed7,365
0x6d05d19e14a23d453b5da8cda1a2f213b803a075,366
0x71418ed574229f7fd8c0312a58737732cfca2cb0,367
0x4e45e92ed38f885d39a733c14f1817217a89d425,368
0x87cb562c65c288f2ca678535bcd26441bf696d55,369
0x3903525e5c6cec55d4d38060c3edf05068a7a8d1,370
0xc8733a1536a64e1095db3b19f81614bbab9c959d,371
0xb66c7ca15af1f357c57294baf730abc77ff94940,372
0x6ecf22fc83887ae37da2e9494efdb2a4ee090343,373
0xd482b8499dc1fd81f4c54d720af94f18b35d970d,374
0xc7cc3e8c6b69dc272ccf64cbff4b7503cbf7c1c5,375
0x2168470e1f566f51afc3651b0e357b226f3f2300,376
0xd539b37fd96899d7850b16c73cba62e82be1118f,377
0xc170384371494b2a8f6ba20f4d085c4dde763d96,378
0x12f28e2106ce8fd8464885b80ea865e98b465149,379
0x7a6e63979d05b22d9da02acc7380f5a92266d953,380
0x82b648b75862d2b91410a70dbe1236a95a06d3d9,381
0xeeb9247a2d11ed4032125656a4b75daadfefaf79,382
0xb36a5f0bdec9c474e7eb6ab36a9ed20736205789,383
0xbc0e164ee423b7800e355b012c06446e28b1a29d,384
0xb396b8699f728735f28a31279d07b1d0d2411baa,385
0xa9d57298ef07e99522e6fd273220acc24654e4dc,386
0x569adda02f3d8078ccde18e928779e79fb4dee3e,387
0xcc1119186072b0dfdc6bb913f5b1516c0d198172,388
0x5457ef2d4e248d62b7194f57901361024af9a3f0,389
0x397206a955a6a20d1688ede77a7c767a101a8cfc,390
0xa05d1fea5688688db808c17d2f3d8faa9026a41f,391
0x838061a398029f1fab6bd00692fb1182501baab2,392
0x005c1cfc36e5ec711bcac7eddbde7898fb332b47,393
0x517aa0ccf9fe141d311756e6e58a3e4df543ac4a,394
0x66018a2ac8f28f4d68d1f018680957f2f22528da,395
0x157ad40f43e26e72909f16bb07f2ca97466df849,396
0xa20f75be9427995e596788c29a10c7d734671251,397
0x458d66fdb2fc1f6f3155846f16d7e6c9d3eca768,398
0x4600798069d27ca0786e7e1d6a2042287bec5892,399
0x3caed19b6f5d3b879e6c0de6fbe9928bbf433c09,400
0x568217af198e51a6761b303ac6ff3e5787891b1c,401
0x18ebb429a3a93e26e731bd2ae6b5902eb0a91f65,402
0xde6123d1e7b0483b16e745ac329750b170ef79d8,403
0x72ada42494f4080a02847f6630f1d90af4498124,404
0x9261d9232379e17d2f81903817ed222bf06d0c17,405
0xd0e7bc3f1efc5f098534bce73589835b8273b9a0,406
0x9f477e994d699ceb64158b54219aa40a0dbf8a8a,407
0x5e6ccdaf012251c076f7a30cc107a1c5a64fe34a,408
0x0db1ec6d639940a267805ca37e67ce275258993a,409
0x001b4b85192aa034bff1524f181e3a7060e0dc30,410
0x80f82055b8f5f110971aeba336a2dfd6c4fb6a93,411
0x7ddc7fdaa0ab2173c8270a599e8035d9e79e5a1c,412
0xf91b673aaf37242257618bf8b467d20adcea13ce,413
0x737ec9d434f1f9f7fec4768eb975eca19fa2cd84,414
0x39a54d3484ecfe677640a99b803a01b23385a801,415
0xe63c62f07e7adc4c397fb84d21d5aa6e0e054603,416
0x73e3f554e6c8fb12c62048540fc4a68e767a63bc,417
0x83e3d76bd9303917ad0383a45fc6df171f1be219,418
0x30a2fa3c93fb9f93d1efeffd350c6a6bb62ba000,419
0xa7823d6fdb8c3d522fc5720e4a4f5f1f0352567c,420
0x5d7ca4bbb351f9f69ef9bcb057c54f3faa9be4d5,421
0xcc29a3c8f67415048aacc22b1e7bed4da3e5c1e5,422
0x28a8874150ccdb519ce06adc584961a14fe3b186,423
0x0931fd2368cbcfbe8dec74a09b6cf7c236282131,424
0xd838724658a64fe63e24f18cce407b7cf308935e,425
0x76e422de0ce8842ebe837bc7ab6984b4fff88055,426
0x47fa6cc7c0e3f2f15c7a64edf8c240bff7e26fbb,427
0xcb9ebae59738d9dadc423adbde66c018777455a4,428
0x06bca1e513603a5544e0a70256607087aba73659,429
0x4ac3d17fd6c2db18ec619fe2d68d2c22b18378ff,430
0xdfdd8beb5ab2410e9a61064fecabf732d5f05c50,431
0x342def14056c52df731066c3ded771dbb3a7ea16,432
0xba7a1265933be28ee36841f8c2170d51688b365d,433
0x82c65bc8e9e01dab4c791f0d077eb1d3ad258b54,434
0x2b4572419f2b2a0c198cc8789de881287c09d8c3,435
0x85851d406df9e3942ab7d8ad051fc9ca3a7856e1,436
0x25741f5f2dbdde9cfd38f73be7052ec03b0e9d85,437
0x1276dce965ada590e42d62b3953ddc1ddceb0392,438
0x5f8061f9d6a2bb4688f46491cca7658e214e2cb6,439
0x998c868adaaa7bd8ff2035a506f48c8336cc8624,440
0x049057f64fe1c02897947eafc04bf1860226eb8d,441
0x95b77c8fe8226522e791cf4f1d855b01fe5f63bf,442
0x1f37bd5f0bb94eb2373fe738ed22aaa177a349fd,443
0x1dfe172d1d8dd99fb486fc4580000202d9916da0,444
0x8dcbe12955691771a13b9e4b5ed4078a9ed558e2,445
0xdd6afc6c866740180f0ef5a6ba6e4e6e8e214cdb,446
0xdb4a62d58220db3c23d63c7887fb7b9208018425,447
0x909b5fbcc3d38efe42411ef27329c37ba3a47ac2,448
0xc6309e8b5737362560538c98ebe73c81c91d56d1,449
0x43154efc9cb33c80833c0dec1e15bb9cfc1275e5,450
0xcb7423812ee240151522c0197cdd5ba580ed82ac,451
0x5d02a978257a76bfb2d7113df78e11691bcacc6c,452
0x8a9dd905e0496e6a9f1ef9afeac06852f5417198,453
0x22d87a73072b30c6a0c5e24d87688ccaa3731a3d,454
0x9a604220d37b69c09effccd2e8475740773e3daf,455
0x86d33fe4c5e4218f66db99ac8892aca1d405ab53,456
0xe4f7d3b718a2884a721af011db17dbf42498d53f,457
0x63dc4e3c48e6ca9d49a52321b6da3e16f6113bdf,458
0x2fb704d243cfa179ffad4d87acb1d36bcf243a44,459
0xe79e93a4dbc01f928cde67321d70b577ec448192,460
0x582c905df6cad7a1c490edc215f0baa0dc0960dd,461
0xd635454940b5929ca5e4dce01c33a41a11408674,462
0xf2fdc751f6f730efefca7b4f336bebc52c6fb073,463
0x0580ae26963230bfbd2a775ff0afa937fd157774,464
0x9f9c171afde4cc6bbf6d38ae4012c83633653b85,465
0x1a8b41210172ce754d69517eb9bd5fe6e8db7f2e,466
0x014dc156ca770bac5475186834ecd2f624c580bd,467
0xecf073f91101ce5628669c487aee8f5822a101b1,468
0xf1efe6bc808781424b46f149b461c6b006d641a4,469
0xd733e21ea44083eee00811954db5ae3ab762b3f1,470
0x3ca556ead347d9b3d9b629b2e7111781268345af,471
0x7956de09eba7346af04edda6f3a7037ca0245c18,472
0xe2a52a5f91a83846706fa7a4f036fe8c6723eaf8,473
0xe435264630b3257da3690a66c025409d27a636cc,474
0xa915969efd46355ac7d9066fe9bc95486d7bc3be,475
0xb90d3ab34915037bfc866051bb5e6efb79833afa,476
0x232ac5da68f539132f181306b6357363e1496918,477
0x905b180268f2773022e1a10e204b0858b2e60dcf,478
0x4f25dc5fd5c4622c6e8d4738636d3acf772dc824,479
0xf08f985168640d77c87bf14c603351ad10f484a3,480
0xe89dfeaca55d10d6904bd93c94a1a6a24a8581b9,481
0x6fd4c7b88a460f2070c7650246ab07cde92a6e31,482
0x91047abf3cab8da5a9515c8750ab33b4f1560a7a,483
0x2aeaffc99cef9f6fc0869c1f16f890abdfcc222b,484
0x43ccd9ea8f64b8918267f7ee4a071d3e9168f9cd,485
0x437f9e3a2ef9089bf3c8a89599b40f62fa2bb3f9,486
0xfa8e458227e54d31d42da0ef2919fd7e24d44943,487
0xfc123c97c2ea2f5024e15aa745cd18c758aa1deb,488
0x58ec2863c5917aebee09a7ea65f588b47fdb4f93,489
0x29308d1ea67e4dbf8bdca46ceda4dee28e0e6038,490
0xabba46310ace7f58a801cd54761dfbc8a94c1c38,491
0x4bed1ac07d1fb88509d84e08c6dc28783648bcff,492
0xedfd24e051c242eb1484c1ce0d737994b4f60a1e,493
0x05295c50e450008a6307c3f6977908b4256c0da1,494
0x69c1ca6a60fc703ea5f48d37f08cace6cb0a4a6f,495
0x3a0c25422d086950880a976557d53d924935d878,496
0x9030807ba4c71831808408cbf892bfa1261a6e7d,497
0xedd9a5515ce3db199cfa0aea3c3de47c28f19f6f,498
0xdeedc630afd7f9a939dfd49d7bc9060ad6fd772c,499
0x327befece9caa72aee7d563b4bb8d8ef7c34bc63,500